{
  "cat_id": 37.140380911468796,
  "transaction_hour": 27.702958152783555,
  "amount": 21.445767385369315,
  "street": 4.862021771499338,
  "population_city": 4.730455401256398
}